SET FOREIGN_KEY_CHECKS = 0;
SET SQL_MODE = "NO_AUTO_VALUE_ON_ZERO";
SET time_zone = "+00:00";

DROP TABLE IF EXISTS `notifications`;
DROP TABLE IF EXISTS `disaster_logs`;
DROP TABLE IF EXISTS `activities`;
DROP TABLE IF EXISTS `lands`;
DROP TABLE IF EXISTS `users`;
DROP TABLE IF EXISTS `farmer_groups`;

CREATE TABLE `farmer_groups` (
  `id_kelompok` int NOT NULL AUTO_INCREMENT,
  `nama_kelompok` varchar(100) NOT NULL,
  `ketua` varchar(100) NOT NULL,
  `id_ppl` int DEFAULT NULL,
  `kecamatan` varchar(50) DEFAULT 'Rajabasa',
  `gapoktan` varchar(100) DEFAULT NULL,
  `komoditas` varchar(100) DEFAULT NULL,
  `created_at` datetime DEFAULT NULL,
  PRIMARY KEY (`id_kelompok`)
) ENGINE=InnoDB AUTO_INCREMENT=21 DEFAULT CHARSET=utf8mb4 COLLATE=utf8mb4_general_ci;

INSERT INTO `farmer_groups` VALUES 
('9','Poktan Mekar Jaya','Bapak Suryanto','1','Rajabasa','Maju Sejahtera','Padi, Jagung','2026-06-04 19:46:24'),
('10','Poktan Maju Bersama','Bapak Wahyudi','1','Rajabasa','Maju Sejahtera','Padi, Jagung','2026-06-04 19:46:24'),
('11','Poktan Sukamaju I','Bapak Hartono','1','Rajabasa','Maju Sejahtera','Padi, Jagung','2026-06-04 19:46:24'),
('12','Poktan Jaya Bersama','Bapak Slamet Riyadi','1','Rajabasa','Maju Sejahtera','Padi, Jagung','2026-06-04 19:46:25'),
('13','Poktan Tani Mandiri','Bapak Mulyono','1','Rajabasa','Maju Sejahtera','Padi, Jagung','2026-06-04 19:46:25'),
('14','Poktan Harapan Jaya','Bapak Agus Santoso','1','Rajabasa','Harapan Makmur','Padi, Jagung','2026-06-04 19:46:25'),
('15','Poktan Sumber Rejeki','Bapak Supriadi','1','Rajabasa','Harapan Makmur','Padi, Jagung','2026-06-04 19:46:25'),
('16','Poktan Sido Makmur','Ibu Suminah','1','Rajabasa','Harapan Makmur','Padi','2026-06-04 19:46:25'),
('17','Poktan Karya Tani','Bapak Bambang Eko','1','Rajabasa','Harapan Makmur','Padi','2026-06-04 19:46:25'),
('18','Poktan Tunas Harapan','Bapak Sudirman','1','Rajabasa','Harapan Makmur','Padi','2026-06-04 19:46:25'),
('19','Rajabasa Jaya','Pak Udin','1','Rajabasa','Gapoktan 1','Padi','2026-07-03 06:38:06'),
('20','Sukarame','Hendra','1','Sukarame ','Harapan Makmur','Padi','2026-07-10 12:16:10');

CREATE TABLE `users` (
  `id_user` int NOT NULL AUTO_INCREMENT,
  `nama` varchar(100) NOT NULL,
  `email` varchar(100) NOT NULL,
  `password` varchar(255) NOT NULL,
  `role` enum('petani','ppl','admin') DEFAULT 'petani',
  `id_kelompok` int DEFAULT NULL,
  `telepon` varchar(20) DEFAULT NULL,
  `created_at` datetime DEFAULT NULL,
  PRIMARY KEY (`id_user`),
  UNIQUE KEY `email` (`email`),
  KEY `id_kelompok` (`id_kelompok`),
  CONSTRAINT `users_ibfk_1` FOREIGN KEY (`id_kelompok`) REFERENCES `farmer_groups` (`id_kelompok`) ON DELETE SET NULL
) ENGINE=InnoDB AUTO_INCREMENT=30 DEFAULT CHARSET=utf8mb4 COLLATE=utf8mb4_general_ci;

INSERT INTO `users` VALUES 
('1','Susetiowati','ppl@gmail.com','$2y$10$4uK.AmF8H1tSI7.VV.Bepej3I8wA69tQwsM47g.nZx.r2idNlI4be','ppl',NULL,'081234567890','2026-05-10 09:13:58'),
('17','Suryanto','suryanto@gmail.com','$2y$10$n1YE582wGPldUmI0X4u2ROA7.WRTmbeWQqScv0RCRKIAshgemPfsm','petani','13','08123456789','2026-06-04 19:46:24'),
('18','Wahyudi','wahyudi@gmail.com','$2y$10$J8MPDOfpiDVey2z0K1DFte6jKi2QEhIvOKLGBSB2Z6k08E2b21WVq','petani','10',NULL,'2026-06-04 19:46:24'),
('19','Hartono','hartono@gmail.com','$2y$10$.VvlY3i9uUUKjP3znOWT3u12N/7RMN7pf5kutDH0oeBfjrTcamUIm','petani','11',NULL,'2026-06-04 19:46:25'),
('20','Slamet Riyadi','slametriyadi@gmail.com','$2y$10$LXsFq3LutiuOQnOPv3MRZesABcdigQXzTUKKkbkTzePfbYpW7BDVC','petani','12',NULL,'2026-06-04 19:46:25'),
('21','Mulyono','mulyono@gmail.com','$2y$10$yMe3508KfM9JbSpc5uCyduIZfQ3Qnank.GWA471cYEfvcfgJtZt.u','petani','13',NULL,'2026-06-04 19:46:25'),
('22','Agus Santoso','agussantoso@gmail.com','$2y$10$6qcU.PgYB/QjQi5lXM6Exe31O/eeYCxLZfBUH7BO5V.VhTVdiRmp6','petani','14','08123456789','2026-06-04 19:46:25'),
('23','Supriadi','supriadi@gmail.com','$2y$10$OLwlUimfCsuRMSHxSxzmpetu2FtKpLFcp663FobiSPQyZ3G2hSePK','petani','15',NULL,'2026-06-04 19:46:25'),
('24','Suminah','suminah@gmail.com','$2y$10$uS0kDWLNwalVmXB3KnwCbOQeyzgYJpk7Fc848DjC66l/NllIcDz0a','petani','16',NULL,'2026-06-04 19:46:25'),
('25','Bambang Eko','bambangeko@gmail.com','$2y$10$OESAup71C5onDWjkaIWI2OAihoV3TUmzmSWVUbcllvTEMxDAC0VuG','petani','17',NULL,'2026-06-04 19:46:25'),
('26','Sudirman','sudirman@gmail.com','$2y$10$c9P6VqZB.ueMsT6uFs.J6.rybxWxTGxdwBebrYnxfAP9QiSSdsqNi','petani','18',NULL,'2026-06-04 19:46:26'),
('27','Udin ','Udin@gmail.com','$2y$10$rbybYXfCxWPCN92lhiJuV.LZeQG3mfwyVctX3OZ2hEJMUut.V5IBa','petani','18','08123456789','2026-07-03 06:38:47'),
('28','Sarnaja','Sarnaja@gmail.com','$2y$10$OubEAnZGZMWeeXnPIKTdF.GR5FejxiiKefIJtdYRSfwDqHJNhMKXa','petani','20','08123456789','2026-07-09 12:53:44'),
('29','Hendra','Hendra@gmail.com','$2y$10$yvNdx/hsh4abdBo.9xzMPOY5/dd4we8TS9Z4DIcYYK1xmYuGlaz9C','petani','20','083152168767','2026-07-10 12:17:09');

CREATE TABLE `lands` (
  `id_lahan` int NOT NULL AUTO_INCREMENT,
  `id_kelompok` int DEFAULT NULL,
  `id_user` int DEFAULT NULL,
  `nama_lahan` varchar(100) DEFAULT NULL,
  `komoditas` enum('padi','jagung') NOT NULL,
  `alamat` text,
  `luas` decimal(10,4) DEFAULT '0.0000',
  `latitude` decimal(10,8) DEFAULT NULL,
  `longitude` decimal(11,8) DEFAULT NULL,
  `status_fase` enum('persiapan','tanam','pemeliharaan','panen','bera','darurat') DEFAULT 'persiapan',
  `status_bencana` enum('normal','darurat') DEFAULT 'normal',
  `foto_bencana` varchar(255) DEFAULT NULL,
  `deskripsi_bencana` text,
  `tanggal_bencana` datetime DEFAULT NULL,
  `created_at` timestamp NULL DEFAULT CURRENT_TIMESTAMP,
  `geom` geometry NOT NULL,
  PRIMARY KEY (`id_lahan`),
  SPATIAL KEY `geom` (`geom`)
) ENGINE=InnoDB AUTO_INCREMENT=13 DEFAULT CHARSET=utf8mb4 COLLATE=utf8mb4_general_ci;

INSERT INTO `lands` VALUES 
('1','20','1','Sawah Sukarame 1','padi','Pandawa 1','0.8133','-5.37479400','105.30579900','panen','darurat','1783756490_1c6617e5c35a01b96fc1.jpg','[Banjir] Banjir setinggi 1 meter','2026-07-11 07:54:50','2026-07-10 19:33:21',ST_GeomFromText('POLYGON((-5.374648 105.306505,-5.374657 105.305527,-5.374557 105.305373,-5.37456 105.305094,-5.374015 105.305088,-5.374002 105.305764,-5.374068 105.305779,-5.374365 105.306106,-5.374365 105.306369,-5.374424 105.306482,-5.374648 105.306505))')),
('3','10','1','Sawah Maju Bersama','padi','Rajabasa ','15.2606','-5.33777100','105.24987000','panen','normal',NULL,NULL,NULL,'2026-07-10 20:30:02',ST_GeomFromText('POLYGON((-5.340399 105.248348,-5.339812 105.247755,-5.339048 105.247656,-5.338823 105.248154,-5.338618 105.248071,-5.338577 105.247992,-5.33839 105.247984,-5.338298 105.248032,-5.338149 105.248028,-5.337983 105.248216,-5.33772 105.248128,-5.337664 105.248168,-5.337886 105.247794,-5.337864 105.247753,-5.337768 105.247818,-5.337733 105.247871,-5.337482 105.248012,-5.337358 105.24809,-5.337422 105.248213,-5.337466 105.248243,-5.33747 105.248374,-5.337472 105.248408,-5.337326 105.248476,-5.337165 105.248445,-5.337162 105.248358,-5.33705 105.248337,-5.337054 105.248197,-5.336936 105.248172,-5.33662 105.248293,-5.336418 105.248318,-5.336305 105.248311,-5.336128 105.248217,-5.33595 105.248,-5.335701 105.247999,-5.33556 105.247947,-5.33529 105.248106,-5.335143 105.248144,-5.335298 105.248808,-5.335378 105.248908,-5.3356 105.249656,-5.335832 105.250544,-5.335953 105.250987,-5.335986 105.251085,-5.336024 105.251254,-5.336119 105.251475,-5.336082 105.251511,-5.336231 105.251808,-5.33643 105.252084,-5.336633 105.25194,-5.33713 105.251507,-5.337433 105.25124,-5.337888 105.250885,-5.338218 105.250606,-5.338572 105.250338,-5.33862 105.250348,-5.339091 105.249953,-5.339079 105.249918,-5.339557 105.249486,-5.339831 105.249225,-5.340192 105.24888,-5.34036 105.248527,-5.340399 105.248348))')),
('4','11','1','Sawah Sukamaju I','padi','Rajabasa','23.5873','-5.33461300','105.25713600','pemeliharaan','normal',NULL,NULL,NULL,'2026-07-10 20:43:03',ST_GeomFromText('POLYGON((-5.335209 105.253441,-5.33554 105.254366,-5.33585 105.255447,-5.336095 105.256381,-5.3364 105.257482,-5.336653 105.258467,-5.336941 105.259607,-5.336733 105.259902,-5.336391 105.259833,-5.336103 105.260026,-5.335857 105.260348,-5.33582 105.260417,-5.335494 105.260648,-5.335366 105.26053,-5.335125 105.260718,-5.334762 105.260686,-5.334474 105.260831,-5.334325 105.260672,-5.334148 105.260749,-5.333914 105.260423,-5.333636 105.260084,-5.333551 105.260152,-5.332941 105.259747,-5.333436 105.258966,-5.332789 105.258347,-5.332284 105.257899,-5.33269 105.257263,-5.33417 105.254825,-5.335022 105.253462,-5.335209 105.253441))')),
('5','12','1','Sawah Jaya Bersama','padi','Rajabasa','27.0012','-5.33258500','105.25138700','pemeliharaan','normal',NULL,NULL,NULL,'2026-07-10 22:25:44',ST_GeomFromText('POLYGON((-5.33643 105.252084,-5.336082 105.251511,-5.336119 105.251475,-5.336024 105.251254,-5.335378 105.248908,-5.335298 105.248808,-5.335203 105.248841,-5.335089 105.248739,-5.334898 105.248683,-5.334727 105.24872,-5.334396 105.248841,-5.334426 105.248954,-5.334276 105.248997,-5.334314 105.250531,-5.333315 105.250775,-5.333091 105.249935,-5.332917 105.250086,-5.33226 105.250236,-5.331586 105.250332,-5.331188 105.250434,-5.331175 105.250489,-5.330447 105.250562,-5.32991 105.250619,-5.329806 105.250658,-5.329739 105.250739,-5.329706 105.250839,-5.329695 105.250921,-5.329731 105.250992,-5.32978 105.251089,-5.329743 105.251301,-5.329643 105.251323,-5.32928 105.251285,-5.329187 105.251317,-5.329187 105.251397,-5.329239 105.251462,-5.329346 105.251588,-5.329383 105.251765,-5.329216 105.251848,-5.32897 105.251863,-5.328847 105.251844,-5.328741 105.252112,-5.328799 105.252133,-5.328888 105.252081,-5.329058 105.25214,-5.329236 105.252129,-5.329332 105.252369,-5.329392 105.252457,-5.329351 105.252589,-5.329362 105.252732,-5.32936 105.253163,-5.329958 105.253186,-5.329928 105.253846,-5.32975 105.253843,-5.32969 105.253948,-5.329642 105.253979,-5.329637 105.254034,-5.32967 105.254061,-5.329836 105.254069,-5.329898 105.254091,-5.329928 105.254069,-5.330398 105.25405,-5.33041 105.253896,-5.331345 105.253732,-5.331596 105.253705,-5.331913 105.253621,-5.332208 105.253531,-5.332395 105.253495,-5.332406 105.253669,-5.332899 105.253342,-5.333787 105.252993,-5.334028 105.253441,-5.335179 105.253151,-5.33643 105.252084))')),
('6','13','1','Ladang Tani Mandiri I','jagung','Rajabasa','11.2455','-5.33303500','105.25505300','panen','normal',NULL,NULL,NULL,'2026-07-10 22:34:25',ST_GeomFromText('POLYGON((-5.330891 105.253812,-5.331007 105.254243,-5.331595 105.257113,-5.33254 105.256641,-5.333042 105.256405,-5.335179 105.253151,-5.334028 105.253441,-5.333787 105.252993,-5.332899 105.253342,-5.332406 105.253669,-5.332395 105.253495,-5.331596 105.253705,-5.330891 105.253812))')),
('7','13','1','Ladang Tani Mandiri II','jagung','Rajabasa','8.7951','-5.33188200','105.25986100','panen','normal',NULL,NULL,NULL,'2026-07-10 22:43:43',ST_GeomFromText('POLYGON((-5.332284 105.257899,-5.331733 105.258749,-5.32966 105.25972,-5.330942 105.260321,-5.331322 105.26067,-5.331551 105.260675,-5.331824 105.26031,-5.332262 105.260627,-5.331941 105.261083,-5.33184 105.261109,-5.331487 105.261394,-5.331781 105.261823,-5.33231 105.261437,-5.332545 105.26134,-5.332625 105.261254,-5.332892 105.261211,-5.333095 105.261238,-5.333234 105.261152,-5.333453 105.261142,-5.333579 105.261109,-5.333745 105.261201,-5.333782 105.261166,-5.333796 105.261026,-5.333806 105.26097,-5.333926 105.260946,-5.334049 105.260828,-5.334103 105.26078,-5.333636 105.260084,-5.333551 105.260152,-5.332941 105.259747,-5.333436 105.258966,-5.332284 105.257899))')),
('8','14','1','Sawah Harapan Jaya','padi','Rajabasa','20.9742','-5.32673100','105.26352300','pemeliharaan','normal',NULL,NULL,NULL,'2026-07-10 22:51:01',ST_GeomFromText('POLYGON((-5.330106 105.2637,-5.329241 105.262955,-5.328851 105.262939,-5.328611 105.262939,-5.328483 105.26289,-5.328066 105.263116,-5.327954 105.263067,-5.327852 105.263132,-5.327582 105.262861,-5.327565 105.262802,-5.327406 105.262585,-5.327473 105.26252,-5.326907 105.261828,-5.326843 105.261863,-5.326787 105.261764,-5.326875 105.261694,-5.326893 105.26159,-5.326872 105.261504,-5.326781 105.261386,-5.326632 105.261209,-5.32625 105.261523,-5.326148 105.261552,-5.326057 105.261461,-5.325288 105.261818,-5.32484 105.262137,-5.323996 105.26278,-5.323355 105.263285,-5.323406 105.263338,-5.323475 105.263502,-5.323424 105.263558,-5.323363 105.263762,-5.323491 105.263861,-5.323542 105.264156,-5.323489 105.264505,-5.323414 105.264773,-5.32368 105.264891,-5.323723 105.264777,-5.323874 105.264831,-5.323899 105.264767,-5.324008 105.264818,-5.323966 105.264926,-5.323932 105.265023,-5.324001 105.265127,-5.324098 105.265192,-5.324071 105.265412,-5.32422 105.265648,-5.324263 105.26572,-5.324488 105.265636,-5.324578 105.265595,-5.324621 105.265599,-5.324742 105.265838,-5.324885 105.265664,-5.324936 105.265602,-5.325136 105.265484,-5.325387 105.265547,-5.325571 105.265589,-5.325825 105.265535,-5.326114 105.265366,-5.326602 105.26524,-5.326995 105.265181,-5.327233 105.265165,-5.327318 105.265087,-5.327385 105.265034,-5.327536 105.265169,-5.327592 105.265135,-5.327638 105.265176,-5.327674 105.265123,-5.327582 105.265019,-5.328106 105.264464,-5.328389 105.264701,-5.328472 105.264655,-5.328603 105.264639,-5.328725 105.264591,-5.32883 105.264468,-5.328899 105.264527,-5.328974 105.264516,-5.329024 105.264447,-5.329161 105.264457,-5.329275 105.264447,-5.329324 105.264511,-5.32933 105.264596,-5.329424 105.264651,-5.329456 105.26456,-5.329559 105.26448,-5.329684 105.264335,-5.329799 105.264162,-5.329927 105.264095,-5.330031 105.263939,-5.330106 105.2637))')),
('9','15','1','Sawah Sumber Rejeki','padi','Rajabasa','12.7113','-5.32920900','105.26166900','pemeliharaan','normal',NULL,NULL,NULL,'2026-07-10 22:56:11',ST_GeomFromText('POLYGON((-5.331781 105.261823,-5.331715 105.261919,-5.331726 105.262008,-5.331786 105.262084,-5.331642 105.262224,-5.331378 105.262378,-5.331418 105.262547,-5.331271 105.262597,-5.33141 105.2627,-5.331403 105.262743,-5.331195 105.26276,-5.331128 105.262924,-5.331136 105.262974,-5.331057 105.263066,-5.33085 105.262996,-5.330634 105.263144,-5.330574 105.263132,-5.330443 105.263274,-5.330374 105.263349,-5.330136 105.263617,-5.329466 105.263076,-5.329904 105.262542,-5.329519 105.262445,-5.329645 105.262228,-5.32949 105.262263,-5.329367 105.262198,-5.32925 105.262373,-5.32876 105.262164,-5.328483 105.262054,-5.328369 105.261914,-5.328204 105.262145,-5.328066 105.262074,-5.327906 105.262236,-5.327766 105.262274,-5.327473 105.26252,-5.327143 105.262116,-5.327219 105.262024,-5.326882 105.261652,-5.326976 105.261553,-5.326903 105.261468,-5.326872 105.261504,-5.326632 105.261209,-5.32966 105.25972,-5.330942 105.260321,-5.331322 105.26067,-5.331073 105.260895,-5.330902 105.261163,-5.331185 105.261356,-5.331487 105.261394,-5.331781 105.261823))')),
('10','16','1','Sawah Sido Makmur','padi','Rajabasa','16.5886','-5.33757800','105.26202100','tanam','normal',NULL,NULL,NULL,'2026-07-10 23:01:46',ST_GeomFromText('POLYGON((-5.339688 105.259532,-5.339953 105.260023,-5.339971 105.260568,-5.339982 105.261427,-5.33983 105.261686,-5.339895 105.262058,-5.339729 105.262111,-5.339392 105.26218,-5.339019 105.262261,-5.339042 105.262314,-5.338241 105.263035,-5.337789 105.262499,-5.337565 105.262295,-5.33736 105.262493,-5.337904 105.263175,-5.337552 105.263574,-5.337434 105.263735,-5.337247 105.263974,-5.337058 105.263849,-5.336957 105.26397,-5.337127 105.264139,-5.336824 105.264511,-5.336379 105.26408,-5.336634 105.263794,-5.336669 105.263742,-5.336347 105.263312,-5.336039 105.263002,-5.335924 105.262842,-5.335514 105.262448,-5.335733 105.262059,-5.335466 105.261465,-5.335219 105.260879,-5.335175 105.260741,-5.33522 105.260687,-5.335318 105.260568,-5.335344 105.260547,-5.335515 105.260687,-5.335726 105.260519,-5.335804 105.260466,-5.335913 105.260446,-5.335919 105.260342,-5.335937 105.260243,-5.336076 105.260176,-5.336168 105.260025,-5.336252 105.25996,-5.33641 105.259881,-5.336451 105.259845,-5.33669 105.259893,-5.336757 105.259921,-5.336824 105.259825,-5.336951 105.259676,-5.337151 105.260407,-5.33843 105.259841,-5.338597 105.259762,-5.338681 105.259885,-5.338773 105.259845,-5.338834 105.259949,-5.338907 105.259904,-5.3388 105.259697,-5.339035 105.259589,-5.339198 105.259618,-5.339688 105.259532))')),
('11','17','1','Sawah Karya Tani','padi','Rajabasa','45.9177','-5.33888800','105.25591300','tanam','normal',NULL,NULL,NULL,'2026-07-10 23:32:41',ST_GeomFromText('POLYGON((-5.341658 105.254116,-5.34165 105.254399,-5.341686 105.254543,-5.341857 105.254829,-5.341947 105.255237,-5.341969 105.255402,-5.341951 105.25571,-5.341945 105.255871,-5.341778 105.256055,-5.341269 105.256479,-5.341033 105.256625,-5.341131 105.256984,-5.341682 105.256695,-5.341929 105.257531,-5.342019 105.257509,-5.342415 105.258104,-5.341827 105.258513,-5.341587 105.258673,-5.341433 105.258595,-5.341229 105.258246,-5.341047 105.258264,-5.340895 105.258341,-5.340726 105.258442,-5.340662 105.25858,-5.340556 105.258851,-5.340504 105.258961,-5.340322 105.259139,-5.340205 105.259398,-5.340006 105.259449,-5.339808 105.259472,-5.339609 105.259472,-5.339448 105.259504,-5.339342 105.259536,-5.339226 105.259569,-5.339065 105.259542,-5.338984 105.25955,-5.338657 105.259692,-5.338584 105.259632,-5.338509 105.25962,-5.33846 105.259662,-5.338481 105.25977,-5.338199 105.259873,-5.33792 105.260004,-5.337686 105.259515,-5.337231 105.259666,-5.337408 105.26023,-5.337202 105.260321,-5.336983 105.259471,-5.336716 105.25848,-5.335362 105.25324,-5.337285 105.251706,-5.337392 105.251743,-5.337557 105.251716,-5.337659 105.251958,-5.338129 105.251775,-5.33822 105.25184,-5.338476 105.251765,-5.338533 105.251777,-5.338679 105.251736,-5.338748 105.25199,-5.339023 105.252069,-5.339145 105.251916,-5.339298 105.251974,-5.339321 105.251918,-5.339324 105.251749,-5.339389 105.251683,-5.339437 105.251683,-5.339573 105.251593,-5.339707 105.251534,-5.33976 105.251504,-5.33992 105.251551,-5.339743 105.251703,-5.339519 105.252132,-5.339165 105.252501,-5.338932 105.252919,-5.338983 105.253697,-5.338615 105.253631,-5.338554 105.254069,-5.33841 105.254091,-5.338329 105.255089,-5.338472 105.255073,-5.338501 105.25528,-5.338688 105.255272,-5.338807 105.253894,-5.339296 105.253964,-5.339338 105.253975,-5.339484 105.253858,-5.339591 105.253834,-5.339695 105.253889,-5.339874 105.253543,-5.33975 105.253472,-5.33986 105.253206,-5.339926 105.253029,-5.340149 105.253167,-5.340233 105.253047,-5.340576 105.253277,-5.34072 105.25328,-5.340762 105.253347,-5.340879 105.253175,-5.341066 105.253285,-5.341104 105.253243,-5.341416 105.253508,-5.341299 105.254315,-5.341658 105.254116))')),
('12','18','1','Sawah Tunas Harapan','padi','Rajabasa','46.6642','-5.32791400','105.25783000','tanam','normal',NULL,NULL,NULL,'2026-07-10 23:55:47',ST_GeomFromText('POLYGON((-5.333042 105.256405,-5.332763 105.256923,-5.332198 105.257837,-5.331492 105.258733,-5.327749 105.26043,-5.327369 105.260613,-5.32707 105.260735,-5.326929 105.260825,-5.326496 105.261018,-5.326164 105.261168,-5.325942 105.261407,-5.325126 105.261847,-5.324714 105.261544,-5.323977 105.261372,-5.323753 105.261297,-5.323748 105.260648,-5.323967 105.260691,-5.324287 105.260557,-5.324816 105.260391,-5.324907 105.260106,-5.324677 105.259902,-5.32441 105.259967,-5.324292 105.259597,-5.323732 105.25957,-5.323374 105.259784,-5.323326 105.259548,-5.32324 105.259125,-5.322966 105.258754,-5.323037 105.258277,-5.322786 105.257944,-5.323422 105.256807,-5.323529 105.257006,-5.323694 105.257086,-5.324009 105.257134,-5.324255 105.256995,-5.324506 105.257124,-5.324955 105.25692,-5.325494 105.257011,-5.325802 105.257089,-5.326275 105.257105,-5.326278 105.257271,-5.326356 105.257303,-5.326606 105.257096,-5.326714 105.257055,-5.326802 105.257203,-5.327089 105.25736,-5.327043 105.257459,-5.327262 105.257561,-5.327435 105.25786,-5.327503 105.257914,-5.32775 105.25766,-5.32772 105.257514,-5.327773 105.257439,-5.327558 105.257163,-5.327383 105.256961,-5.327397 105.256476,-5.327411 105.256336,-5.327943 105.256391,-5.328289 105.256409,-5.32836 105.255854,-5.328381 105.255628,-5.328531 105.255611,-5.328488 105.255681,-5.328535 105.255757,-5.328701 105.25563,-5.328537 105.255552,-5.328356 105.255592,-5.328249 105.255657,-5.328048 105.255533,-5.327995 105.255488,-5.328102 105.255294,-5.328145 105.254973,-5.327958 105.254938,-5.327931 105.254726,-5.328137 105.254592,-5.328158 105.254356,-5.328072 105.25427,-5.328161 105.254173,-5.328385 105.254112,-5.328455 105.254039,-5.328499 105.253956,-5.328884 105.253995,-5.328952 105.25401,-5.329008 105.254176,-5.328998 105.254268,-5.329368 105.254219,-5.32967 105.254061,-5.329898 105.254091,-5.330398 105.25405,-5.33041 105.253896,-5.330885 105.253813,-5.331007 105.254243,-5.331595 105.257113,-5.333042 105.256405))'));

CREATE TABLE `activities` (
  `id_aktivitas` int NOT NULL AUTO_INCREMENT,
  `id_lahan` int NOT NULL,
  `id_user` int NOT NULL,
  `jenis_aktivitas` varchar(50) COLLATE utf8mb4_general_ci NOT NULL,
  `hasil_panen` decimal(10,2) DEFAULT NULL,
  `satuan` varchar(20) COLLATE utf8mb4_general_ci DEFAULT NULL,
  `tanggal` date NOT NULL,
  `deskripsi` text COLLATE utf8mb4_general_ci,
  `foto` varchar(255) COLLATE utf8mb4_general_ci DEFAULT NULL,
  `status` enum('pending','approved','rejected') COLLATE utf8mb4_general_ci DEFAULT 'pending',
  `created_at` datetime DEFAULT CURRENT_TIMESTAMP,
  `koordinat` geometry DEFAULT NULL,
  PRIMARY KEY (`id_aktivitas`),
  KEY `id_lahan` (`id_lahan`),
  KEY `id_user` (`id_user`),
  CONSTRAINT `activities_ibfk_1` FOREIGN KEY (`id_lahan`) REFERENCES `lands` (`id_lahan`) ON DELETE CASCADE,
  CONSTRAINT `activities_ibfk_2` FOREIGN KEY (`id_user`) REFERENCES `users` (`id_user`) ON DELETE CASCADE
) ENGINE=InnoDB AUTO_INCREMENT=841 DEFAULT CHARSET=utf8mb4 COLLATE=utf8mb4_general_ci;

INSERT INTO `activities` VALUES 
('750','1','29','pengolahan_tanah',NULL,NULL,'2026-02-20','Pengolahan tanah menggunakan traktor tangan. Tanah dibajak sedalam 20-25 cm, kemudian digaru hingga rata dan siap tanam.',NULL,'approved','2026-07-11 14:19:26',NULL),
('751','1','29','penanaman',NULL,NULL,'2026-03-12','Penanaman padi sistem jajar legowo 2:1 jarak 25x12,5x50 cm. Bibit varietas Ciherang umur 21 hari, 2-3 bibit per lubang.',NULL,'approved','2026-07-11 14:19:26',NULL),
('752','1','29','irigasi',NULL,NULL,'2026-04-12','Pengairan sawah menggunakan irigasi teknis dari saluran primer. Ketinggian air dipertahankan 3-5 cm di atas permukaan tanah.',NULL,'pending','2026-07-11 14:19:26',NULL),
('753','1','29','pemupukan_npk',NULL,NULL,'2026-05-15','Pemupukan NPK Phonska 300 kg/ha + urea 150 kg/ha. Diaplikasikan secara larikan di antara barisan tanaman umur 14 HST.',NULL,'rejected','2026-07-11 14:19:26',NULL),
('754','1','29','penyemprotan_pestisida',NULL,NULL,'2026-06-09','Penyemprotan insektisida Decis 2,5 EC dosis 1 ml/L untuk mengendalikan wereng batang coklat dan penggerek batang padi.',NULL,'approved','2026-07-11 14:19:26',NULL),
('755','1','29','pemeliharaan',NULL,NULL,'2026-07-01','Penyulaman tanaman padi yang mati atau tidak normal. Dilakukan maksimal 2 minggu setelah tanam agar pertumbuhan seragam.',NULL,'approved','2026-07-11 14:19:26',NULL),
('756','1','29','panen','4.31','ton','2026-07-21','Panen padi umur 105-110 HST, malai menguning 90-95%. Pemanenan menggunakan mesin combine harvester.',NULL,'approved','2026-07-11 14:19:26',NULL),
('757','3','18','pengolahan_tanah',NULL,NULL,'2026-02-18','Pengolahan tanah menggunakan traktor tangan. Tanah dibajak sedalam 20-25 cm, kemudian digaru hingga rata dan siap tanam.',NULL,'approved','2026-07-11 14:19:26',NULL),
('758','3','18','penanaman',NULL,NULL,'2026-03-16','Penanaman padi sistem jajar legowo 2:1 jarak 25x12,5x50 cm. Bibit varietas Ciherang umur 21 hari, 2-3 bibit per lubang.',NULL,'approved','2026-07-11 14:19:26',NULL),
('759','3','18','irigasi',NULL,NULL,'2026-04-12','Pengairan sawah menggunakan irigasi teknis dari saluran primer. Ketinggian air dipertahankan 3-5 cm di atas permukaan tanah.',NULL,'pending','2026-07-11 14:19:26',NULL),
('760','3','18','pemupukan_npk',NULL,NULL,'2026-05-18','Pemupukan NPK Phonska 300 kg/ha + urea 150 kg/ha. Diaplikasikan secara larikan di antara barisan tanaman umur 14 HST.',NULL,'rejected','2026-07-11 14:19:26',NULL),
('761','3','18','penyemprotan_pestisida',NULL,NULL,'2026-06-11','Penyemprotan insektisida Decis 2,5 EC dosis 1 ml/L untuk mengendalikan wereng batang coklat dan penggerek batang padi.',NULL,'approved','2026-07-11 14:19:26',NULL),
('762','3','18','pemeliharaan',NULL,NULL,'2026-06-27','Penyulaman tanaman padi yang mati atau tidak normal. Dilakukan maksimal 2 minggu setelah tanam agar pertumbuhan seragam.',NULL,'pending','2026-07-11 14:19:26',NULL),
('763','3','18','panen','4.80','ton','2026-07-19','Panen padi umur 105-110 HST, malai menguning 90-95%. Pemanenan menggunakan mesin combine harvester.',NULL,'approved','2026-07-11 14:19:26',NULL),
('764','4','19','pengolahan_tanah',NULL,NULL,'2026-02-19','Pengolahan tanah menggunakan traktor tangan. Tanah dibajak sedalam 20-25 cm, kemudian digaru hingga rata dan siap tanam.',NULL,'approved','2026-07-11 14:19:26',NULL),
('765','4','19','penanaman',NULL,NULL,'2026-03-15','Penanaman padi sistem jajar legowo 2:1 jarak 25x12,5x50 cm. Bibit varietas Ciherang umur 21 hari, 2-3 bibit per lubang.',NULL,'approved','2026-07-11 14:19:26',NULL),
('766','4','19','irigasi',NULL,NULL,'2026-04-05','Pengairan sawah menggunakan irigasi teknis dari saluran primer. Ketinggian air dipertahankan 3-5 cm di atas permukaan tanah.',NULL,'pending','2026-07-11 14:19:26',NULL),
('767','4','19','pemupukan_npk',NULL,NULL,'2026-05-12','Pemupukan NPK Phonska 300 kg/ha + urea 150 kg/ha. Diaplikasikan secara larikan di antara barisan tanaman umur 14 HST.',NULL,'rejected','2026-07-11 14:19:26',NULL),
('768','4','19','penyemprotan_pestisida',NULL,NULL,'2026-06-11','Penyemprotan insektisida Decis 2,5 EC dosis 1 ml/L untuk mengendalikan wereng batang coklat dan penggerek batang padi.',NULL,'approved','2026-07-11 14:19:26',NULL),
('769','4','19','pemeliharaan',NULL,NULL,'2026-06-28','Penyulaman tanaman padi yang mati atau tidak normal. Dilakukan maksimal 2 minggu setelah tanam agar pertumbuhan seragam.',NULL,'pending','2026-07-11 14:19:26',NULL),
('770','4','19','panen','6.15','ton','2026-07-20','Panen padi umur 105-110 HST, malai menguning 90-95%. Pemanenan menggunakan mesin combine harvester.',NULL,'pending','2026-07-11 14:19:26',NULL),
('771','5','20','pengolahan_tanah',NULL,NULL,'2026-02-18','Pengolahan tanah menggunakan traktor tangan. Tanah dibajak sedalam 20-25 cm, kemudian digaru hingga rata dan siap tanam.',NULL,'approved','2026-07-11 14:19:26',NULL),
('772','5','20','penanaman',NULL,NULL,'2026-03-14','Penanaman padi sistem jajar legowo 2:1 jarak 25x12,5x50 cm. Bibit varietas Ciherang umur 21 hari, 2-3 bibit per lubang.',NULL,'approved','2026-07-11 14:19:26',NULL),
('773','5','20','irigasi',NULL,NULL,'2026-04-06','Pengairan sawah menggunakan irigasi teknis dari saluran primer. Ketinggian air dipertahankan 3-5 cm di atas permukaan tanah.',NULL,'pending','2026-07-11 14:19:26',NULL),
('774','5','20','pemupukan_npk',NULL,NULL,'2026-05-16','Pemupukan NPK Phonska 300 kg/ha + urea 150 kg/ha. Diaplikasikan secara larikan di antara barisan tanaman umur 14 HST.',NULL,'rejected','2026-07-11 14:19:26',NULL),
('775','5','20','penyemprotan_pestisida',NULL,NULL,'2026-06-13','Penyemprotan insektisida Decis 2,5 EC dosis 1 ml/L untuk mengendalikan wereng batang coklat dan penggerek batang padi.',NULL,'approved','2026-07-11 14:19:26',NULL),
('776','5','20','pemeliharaan',NULL,NULL,'2026-07-01','Penyulaman tanaman padi yang mati atau tidak normal. Dilakukan maksimal 2 minggu setelah tanam agar pertumbuhan seragam.',NULL,'pending','2026-07-11 14:19:26',NULL),
('777','5','20','panen','6.00','ton','2026-07-16','Panen padi umur 105-110 HST, malai menguning 90-95%. Pemanenan menggunakan mesin combine harvester.',NULL,'pending','2026-07-11 14:19:26',NULL),
('778','6','21','pengolahan_tanah',NULL,NULL,'2026-02-19','Pengolahan tanah dilakukan dengan membuat alur/guludan menggunakan traktor mini. Lahan diolah sedalam 30 cm untuk menyiapkan media tanam jagung.',NULL,'approved','2026-07-11 14:19:26',NULL),
('779','6','21','penanaman',NULL,NULL,'2026-03-10','Penanaman jagung varietas Pioneer P27 jarak 75x20 cm. Setiap lubang 1-2 benih. Penanaman dilakukan setelah hujan.',NULL,'approved','2026-07-11 14:19:26',NULL),
('780','6','21','irigasi',NULL,NULL,'2026-04-05','Penyiraman dengan pompa dari saluran irigasi terdekat. Frekuensi 2x seminggu pada musim kemarau.',NULL,'pending','2026-07-11 14:19:26',NULL),
('781','6','21','pemupukan_npk',NULL,NULL,'2026-05-15','Pemupukan NPK 16-16-16 dosis 350 kg/ha. Diberikan secara tugal di samping tanaman umur 10 HST, diulang umur 30 HST.',NULL,'rejected','2026-07-11 14:19:26',NULL),
('782','6','21','penyemprotan_pestisida',NULL,NULL,'2026-06-11','Aplikasi herbisida Gramoxone 276 SL dosis 2 L/ha untuk mengendalikan gulma. Dilakukan sebelum tanam (pre-emergent).',NULL,'approved','2026-07-11 14:19:26',NULL),
('783','6','21','pemeliharaan',NULL,NULL,'2026-06-29','Pembumbunan jagung umur 30 HST, penjarangan tanaman, dan pembersihan gulma antar barisan tanaman.',NULL,'pending','2026-07-11 14:19:26',NULL),
('784','6','21','panen','5.82','ton','2026-07-16','Panen jagung pipilan umur 100-105 HST, biji keras dan kelobot kering. Kadar air biji saat panen 25-30%.',NULL,'approved','2026-07-11 14:19:26',NULL),
('785','7','22','pengolahan_tanah',NULL,NULL,'2026-02-15','Pengolahan tanah dilakukan dengan membuat alur/guludan menggunakan traktor mini. Lahan diolah sedalam 30 cm untuk menyiapkan media tanam jagung.',NULL,'approved','2026-07-11 14:19:26',NULL),
('786','7','22','penanaman',NULL,NULL,'2026-03-13','Penanaman jagung varietas Pioneer P27 jarak 75x20 cm. Setiap lubang 1-2 benih. Penanaman dilakukan setelah hujan.',NULL,'approved','2026-07-11 14:19:26',NULL),
('787','7','22','irigasi',NULL,NULL,'2026-04-08','Penyiraman dengan pompa dari saluran irigasi terdekat. Frekuensi 2x seminggu pada musim kemarau.',NULL,'pending','2026-07-11 14:19:26',NULL),
('788','7','22','pemupukan_npk',NULL,NULL,'2026-05-12','Pemupukan NPK 16-16-16 dosis 350 kg/ha. Diberikan secara tugal di samping tanaman umur 10 HST, diulang umur 30 HST.',NULL,'rejected','2026-07-11 14:19:26',NULL),
('789','7','22','penyemprotan_pestisida',NULL,NULL,'2026-06-09','Aplikasi herbisida Gramoxone 276 SL dosis 2 L/ha untuk mengendalikan gulma. Dilakukan sebelum tanam (pre-emergent).',NULL,'approved','2026-07-11 14:19:26',NULL),
('790','7','22','pemeliharaan',NULL,NULL,'2026-06-29','Pembumbunan jagung umur 30 HST, penjarangan tanaman, dan pembersihan gulma antar barisan tanaman.',NULL,'pending','2026-07-11 14:19:26',NULL),
('791','7','22','panen','5.10','ton','2026-07-22','Panen jagung pipilan umur 100-105 HST, biji keras dan kelobot kering. Kadar air biji saat panen 25-30%.',NULL,'approved','2026-07-11 14:19:26',NULL),
('792','8','23','pengolahan_tanah',NULL,NULL,'2026-02-21','Pengolahan tanah menggunakan traktor tangan. Tanah dibajak sedalam 20-25 cm, kemudian digaru hingga rata dan siap tanam.',NULL,'approved','2026-07-11 14:19:26',NULL),
('793','8','23','penanaman',NULL,NULL,'2026-03-14','Penanaman padi sistem jajar legowo 2:1 jarak 25x12,5x50 cm. Bibit varietas Ciherang umur 21 hari, 2-3 bibit per lubang.',NULL,'approved','2026-07-11 14:19:26',NULL),
('794','8','23','irigasi',NULL,NULL,'2026-04-12','Pengairan sawah menggunakan irigasi teknis dari saluran primer. Ketinggian air dipertahankan 3-5 cm di atas permukaan tanah.',NULL,'pending','2026-07-11 14:19:26',NULL),
('795','8','23','pemupukan_npk',NULL,NULL,'2026-05-16','Pemupukan NPK Phonska 300 kg/ha + urea 150 kg/ha. Diaplikasikan secara larikan di antara barisan tanaman umur 14 HST.',NULL,'rejected','2026-07-11 14:19:26',NULL),
('796','8','23','penyemprotan_pestisida',NULL,NULL,'2026-06-10','Penyemprotan insektisida Decis 2,5 EC dosis 1 ml/L untuk mengendalikan wereng batang coklat dan penggerek batang padi.',NULL,'approved','2026-07-11 14:19:26',NULL),
('797','8','23','pemeliharaan',NULL,NULL,'2026-06-29','Penyulaman tanaman padi yang mati atau tidak normal. Dilakukan maksimal 2 minggu setelah tanam agar pertumbuhan seragam.',NULL,'pending','2026-07-11 14:19:26',NULL),
('798','8','23','panen','4.08','ton','2026-07-19','Panen padi umur 105-110 HST, malai menguning 90-95%. Pemanenan menggunakan mesin combine harvester.',NULL,'pending','2026-07-11 14:19:26',NULL),
('799','9','24','pengolahan_tanah',NULL,NULL,'2026-02-15','Pengolahan tanah menggunakan traktor tangan. Tanah dibajak sedalam 20-25 cm, kemudian digaru hingga rata dan siap tanam.',NULL,'approved','2026-07-11 14:19:26',NULL),
('800','9','24','penanaman',NULL,NULL,'2026-03-12','Penanaman padi sistem jajar legowo 2:1 jarak 25x12,5x50 cm. Bibit varietas Ciherang umur 21 hari, 2-3 bibit per lubang.',NULL,'approved','2026-07-11 14:19:26',NULL),
('801','9','24','irigasi',NULL,NULL,'2026-04-05','Pengairan sawah menggunakan irigasi teknis dari saluran primer. Ketinggian air dipertahankan 3-5 cm di atas permukaan tanah.',NULL,'pending','2026-07-11 14:19:26',NULL),
('802','9','24','pemupukan_npk',NULL,NULL,'2026-05-12','Pemupukan NPK Phonska 300 kg/ha + urea 150 kg/ha. Diaplikasikan secara larikan di antara barisan tanaman umur 14 HST.',NULL,'rejected','2026-07-11 14:19:26',NULL),
('803','9','24','penyemprotan_pestisida',NULL,NULL,'2026-06-15','Penyemprotan insektisida Decis 2,5 EC dosis 1 ml/L untuk mengendalikan wereng batang coklat dan penggerek batang padi.',NULL,'approved','2026-07-11 14:19:26',NULL),
('804','9','24','pemeliharaan',NULL,NULL,'2026-06-26','Penyulaman tanaman padi yang mati atau tidak normal. Dilakukan maksimal 2 minggu setelah tanam agar pertumbuhan seragam.',NULL,'pending','2026-07-11 14:19:26',NULL),
('805','9','24','panen','4.53','ton','2026-07-15','Panen padi umur 105-110 HST, malai menguning 90-95%. Pemanenan menggunakan mesin combine harvester.',NULL,'pending','2026-07-11 14:19:26',NULL),
('806','10','25','pengolahan_tanah',NULL,NULL,'2026-02-16','Pengolahan tanah menggunakan traktor tangan. Tanah dibajak sedalam 20-25 cm, kemudian digaru hingga rata dan siap tanam.',NULL,'approved','2026-07-11 14:19:26',NULL),
('807','10','25','penanaman',NULL,NULL,'2026-03-17','Penanaman padi sistem jajar legowo 2:1 jarak 25x12,5x50 cm. Bibit varietas Ciherang umur 21 hari, 2-3 bibit per lubang.',NULL,'approved','2026-07-11 14:19:26',NULL),
('808','10','25','irigasi',NULL,NULL,'2026-04-12','Pengairan sawah menggunakan irigasi teknis dari saluran primer. Ketinggian air dipertahankan 3-5 cm di atas permukaan tanah.',NULL,'pending','2026-07-11 14:19:26',NULL),
('809','10','25','pemupukan_npk',NULL,NULL,'2026-05-15','Pemupukan NPK Phonska 300 kg/ha + urea 150 kg/ha. Diaplikasikan secara larikan di antara barisan tanaman umur 14 HST.',NULL,'pending','2026-07-11 14:19:26',NULL),
('810','10','25','penyemprotan_pestisida',NULL,NULL,'2026-06-14','Penyemprotan insektisida Decis 2,5 EC dosis 1 ml/L untuk mengendalikan wereng batang coklat dan penggerek batang padi.',NULL,'pending','2026-07-11 14:19:26',NULL),
('811','10','25','pemeliharaan',NULL,NULL,'2026-06-28','Penyulaman tanaman padi yang mati atau tidak normal. Dilakukan maksimal 2 minggu setelah tanam agar pertumbuhan seragam.',NULL,'pending','2026-07-11 14:19:26',NULL),
('812','10','25','panen','6.20','ton','2026-07-19','Panen padi umur 105-110 HST, malai menguning 90-95%. Pemanenan menggunakan mesin combine harvester.',NULL,'pending','2026-07-11 14:19:26',NULL),
('813','11','26','pengolahan_tanah',NULL,NULL,'2026-02-22','Pengolahan tanah menggunakan traktor tangan. Tanah dibajak sedalam 20-25 cm, kemudian digaru hingga rata dan siap tanam.',NULL,'approved','2026-07-11 14:19:26',NULL),
('814','11','26','penanaman',NULL,NULL,'2026-03-13','Penanaman padi sistem jajar legowo 2:1 jarak 25x12,5x50 cm. Bibit varietas Ciherang umur 21 hari, 2-3 bibit per lubang.',NULL,'approved','2026-07-11 14:19:26',NULL),
('815','11','26','irigasi',NULL,NULL,'2026-04-05','Pengairan sawah menggunakan irigasi teknis dari saluran primer. Ketinggian air dipertahankan 3-5 cm di atas permukaan tanah.',NULL,'pending','2026-07-11 14:19:26',NULL),
('816','11','26','pemupukan_npk',NULL,NULL,'2026-05-16','Pemupukan NPK Phonska 300 kg/ha + urea 150 kg/ha. Diaplikasikan secara larikan di antara barisan tanaman umur 14 HST.',NULL,'pending','2026-07-11 14:19:26',NULL),
('817','11','26','penyemprotan_pestisida',NULL,NULL,'2026-06-14','Penyemprotan insektisida Decis 2,5 EC dosis 1 ml/L untuk mengendalikan wereng batang coklat dan penggerek batang padi.',NULL,'pending','2026-07-11 14:19:26',NULL),
('818','11','26','pemeliharaan',NULL,NULL,'2026-06-29','Penyulaman tanaman padi yang mati atau tidak normal. Dilakukan maksimal 2 minggu setelah tanam agar pertumbuhan seragam.',NULL,'pending','2026-07-11 14:19:26',NULL),
('819','11','26','panen','6.22','ton','2026-07-18','Panen padi umur 105-110 HST, malai menguning 90-95%. Pemanenan menggunakan mesin combine harvester.',NULL,'pending','2026-07-11 14:19:26',NULL),
('820','12','27','pengolahan_tanah',NULL,NULL,'2026-02-20','Pengolahan tanah menggunakan traktor tangan. Tanah dibajak sedalam 20-25 cm, kemudian digaru hingga rata dan siap tanam.',NULL,'approved','2026-07-11 14:19:26',NULL),
('821','12','27','penanaman',NULL,NULL,'2026-03-13','Penanaman padi sistem jajar legowo 2:1 jarak 25x12,5x50 cm. Bibit varietas Ciherang umur 21 hari, 2-3 bibit per lubang.',NULL,'approved','2026-07-11 14:19:26',NULL),
('822','12','27','irigasi',NULL,NULL,'2026-04-11','Pengairan sawah menggunakan irigasi teknis dari saluran primer. Ketinggian air dipertahankan 3-5 cm di atas permukaan tanah.',NULL,'pending','2026-07-11 14:19:26',NULL),
('823','12','27','pemupukan_npk',NULL,NULL,'2026-05-13','Pemupukan NPK Phonska 300 kg/ha + urea 150 kg/ha. Diaplikasikan secara larikan di antara barisan tanaman umur 14 HST.',NULL,'pending','2026-07-11 14:19:26',NULL),
('824','12','27','penyemprotan_pestisida',NULL,NULL,'2026-06-12','Penyemprotan insektisida Decis 2,5 EC dosis 1 ml/L untuk mengendalikan wereng batang coklat dan penggerek batang padi.',NULL,'pending','2026-07-11 14:19:26',NULL),
('825','12','27','pemeliharaan',NULL,NULL,'2026-07-02','Penyulaman tanaman padi yang mati atau tidak normal. Dilakukan maksimal 2 minggu setelah tanam agar pertumbuhan seragam.',NULL,'pending','2026-07-11 14:19:26',NULL),
('826','12','27','panen','5.91','ton','2026-07-18','Panen padi umur 105-110 HST, malai menguning 90-95%. Pemanenan menggunakan mesin combine harvester.',NULL,'pending','2026-07-11 14:19:26',NULL),
('827','1','17','pengolahan_tanah',NULL,NULL,'2026-02-22','Pengolahan tanah menggunakan traktor tangan. Tanah dibajak sedalam 20-25 cm, kemudian digaru hingga rata dan siap tanam.',NULL,'approved','2026-07-11 14:19:26',NULL),
('828','1','17','penanaman',NULL,NULL,'2026-03-11','Penanaman padi sistem jajar legowo 2:1 jarak 25x12,5x50 cm. Bibit varietas Ciherang umur 21 hari, 2-3 bibit per lubang.',NULL,'approved','2026-07-11 14:19:26',NULL),
('829','1','17','irigasi',NULL,NULL,'2026-04-06','Pengairan sawah menggunakan irigasi teknis dari saluran primer. Ketinggian air dipertahankan 3-5 cm di atas permukaan tanah.',NULL,'pending','2026-07-11 14:19:26',NULL),
('830','1','17','pemupukan_npk',NULL,NULL,'2026-05-16','Pemupukan NPK Phonska 300 kg/ha + urea 150 kg/ha. Diaplikasikan secara larikan di antara barisan tanaman umur 14 HST.',NULL,'rejected','2026-07-11 14:19:26',NULL),
('831','1','17','penyemprotan_pestisida',NULL,NULL,'2026-06-15','Penyemprotan insektisida Decis 2,5 EC dosis 1 ml/L untuk mengendalikan wereng batang coklat dan penggerek batang padi.',NULL,'approved','2026-07-11 14:19:26',NULL),
('832','1','17','pemeliharaan',NULL,NULL,'2026-06-29','Penyulaman tanaman padi yang mati atau tidak normal. Dilakukan maksimal 2 minggu setelah tanam agar pertumbuhan seragam.',NULL,'pending','2026-07-11 14:19:26',NULL),
('833','1','17','panen','6.08','ton','2026-07-22','Panen padi umur 105-110 HST, malai menguning 90-95%. Pemanenan menggunakan mesin combine harvester.',NULL,'approved','2026-07-11 14:19:26',NULL),
('834','3','28','pengolahan_tanah',NULL,NULL,'2026-02-20','Pengolahan tanah menggunakan traktor tangan. Tanah dibajak sedalam 20-25 cm, kemudian digaru hingga rata dan siap tanam.',NULL,'approved','2026-07-11 14:19:26',NULL),
('835','3','28','penanaman',NULL,NULL,'2026-03-13','Penanaman padi sistem jajar legowo 2:1 jarak 25x12,5x50 cm. Bibit varietas Ciherang umur 21 hari, 2-3 bibit per lubang.',NULL,'approved','2026-07-11 14:19:26',NULL),
('836','3','28','irigasi',NULL,NULL,'2026-04-06','Pengairan sawah menggunakan irigasi teknis dari saluran primer. Ketinggian air dipertahankan 3-5 cm di atas permukaan tanah.',NULL,'pending','2026-07-11 14:19:26',NULL),
('837','3','28','pemupukan_npk',NULL,NULL,'2026-05-13','Pemupukan NPK Phonska 300 kg/ha + urea 150 kg/ha. Diaplikasikan secara larikan di antara barisan tanaman umur 14 HST.',NULL,'rejected','2026-07-11 14:19:26',NULL),
('838','3','28','penyemprotan_pestisida',NULL,NULL,'2026-06-11','Penyemprotan insektisida Decis 2,5 EC dosis 1 ml/L untuk mengendalikan wereng batang coklat dan penggerek batang padi.',NULL,'approved','2026-07-11 14:19:26',NULL),
('839','3','28','pemeliharaan',NULL,NULL,'2026-06-30','Penyulaman tanaman padi yang mati atau tidak normal. Dilakukan maksimal 2 minggu setelah tanam agar pertumbuhan seragam.',NULL,'pending','2026-07-11 14:19:26',NULL),
('840','3','28','panen','4.61','ton','2026-07-16','Panen padi umur 105-110 HST, malai menguning 90-95%. Pemanenan menggunakan mesin combine harvester.',NULL,'approved','2026-07-11 14:19:26',NULL);

CREATE TABLE `disaster_logs` (
  `id_log` int NOT NULL AUTO_INCREMENT,
  `id_lahan` int NOT NULL,
  `id_user` int NOT NULL,
  `judul_kejadian` varchar(200) NOT NULL,
  `jenis_bencana` enum('banjir','kekeringan','hama','angin_kencang','lainnya') NOT NULL DEFAULT 'banjir',
  `deskripsi_kejadian` text NOT NULL,
  `foto` varchar(255) DEFAULT NULL,
  `luas_terdampak` decimal(8,2) DEFAULT NULL,
  `estimasi_kerugian` decimal(15,2) DEFAULT NULL,
  `tindakan_diambil` text,
  `status_penanganan` enum('dalam_penanganan','selesai','butuh_bantuan') NOT NULL DEFAULT 'dalam_penanganan',
  `created_at` datetime NOT NULL DEFAULT CURRENT_TIMESTAMP,
  PRIMARY KEY (`id_log`),
  KEY `id_lahan` (`id_lahan`),
  KEY `id_user` (`id_user`),
  CONSTRAINT `disaster_logs_ibfk_1` FOREIGN KEY (`id_lahan`) REFERENCES `lands` (`id_lahan`) ON DELETE CASCADE,
  CONSTRAINT `disaster_logs_ibfk_2` FOREIGN KEY (`id_user`) REFERENCES `users` (`id_user`) ON DELETE CASCADE
) ENGINE=InnoDB DEFAULT CHARSET=utf8mb4 COLLATE=utf8mb4_general_ci;

CREATE TABLE `notifications` (
  `id_notif` int NOT NULL AUTO_INCREMENT,
  `id_user` int NOT NULL,
  `judul` varchar(100) NOT NULL,
  `pesan` text,
  `tipe` enum('info','warning','danger') DEFAULT 'info',
  `is_read` tinyint(1) DEFAULT '0',
  `created_at` datetime DEFAULT CURRENT_TIMESTAMP,
  PRIMARY KEY (`id_notif`)
) ENGINE=InnoDB AUTO_INCREMENT=81 DEFAULT CHARSET=utf8mb4 COLLATE=utf8mb4_general_ci;

INSERT INTO `notifications` VALUES 
('1','2','🚨 Peringatan Darurat: Sawah Blok C - Terkena Banjir','Terjadi bencana di lahan wilayah Anda. Cek pesan dari PPL Petugas PPL Rajabasa untuk instruksi mitigasi.','danger','0','2026-05-12 00:28:37'),
('2','3','🚨 Peringatan Darurat: Sawah Blok C - Terkena Banjir','Terjadi bencana di lahan wilayah Anda. Cek pesan dari PPL Petugas PPL Rajabasa untuk instruksi mitigasi.','danger','0','2026-05-12 00:28:37'),
('3','2','🚨 Peringatan Darurat: Sawah Blok C - Terkena Banjir','Terjadi bencana di lahan wilayah Anda. Cek pesan dari PPL Petugas PPL Rajabasa untuk instruksi mitigasi.','danger','0','2026-05-12 00:30:56'),
('4','3','🚨 Peringatan Darurat: Sawah Blok C - Terkena Banjir','Terjadi bencana di lahan wilayah Anda. Cek pesan dari PPL Petugas PPL Rajabasa untuk instruksi mitigasi.','danger','0','2026-05-12 00:30:56'),
('5','2','🚨 Peringatan Darurat: Sawah Blok C - Terkena Banjir','Terjadi bencana di lahan wilayah Anda. Cek pesan dari PPL Petugas PPL Rajabasa untuk instruksi mitigasi.','danger','0','2026-05-13 22:25:37'),
('6','3','🚨 Peringatan Darurat: Sawah Blok C - Terkena Banjir','Terjadi bencana di lahan wilayah Anda. Cek pesan dari PPL Petugas PPL Rajabasa untuk instruksi mitigasi.','danger','0','2026-05-13 22:25:37'),
('7','2','🚨 Peringatan Darurat: Sawah Blok C - Terkena Banjir','Terjadi bencana di lahan wilayah Anda. Cek pesan dari PPL Petugas PPL Rajabasa untuk instruksi mitigasi.','danger','0','2026-05-16 23:22:35'),
('8','3','🚨 Peringatan Darurat: Sawah Blok C - Terkena Banjir','Terjadi bencana di lahan wilayah Anda. Cek pesan dari PPL Petugas PPL Rajabasa untuk instruksi mitigasi.','danger','0','2026-05-16 23:22:35'),
('9','2','✅ Bencana Selesai: Sawah Blok C - Terkena Banjir','Lahan Sawah Blok C - Terkena Banjir telah kembali ke kondisi normal. Lanjutkan aktivitas pertanian dengan hati-hati.','info','0','2026-05-16 23:30:10'),
('10','3','✅ Bencana Selesai: Sawah Blok C - Terkena Banjir','Lahan Sawah Blok C - Terkena Banjir telah kembali ke kondisi normal. Lanjutkan aktivitas pertanian dengan hati-hati.','info','0','2026-05-16 23:30:10'),
('11','4','Pesan Baru dari Petugas PPL Rajabasa','halo','info','0','2026-05-16 23:42:39'),
('12','1','Pesan Baru dari Budi Santoso','halo','info','1','2026-05-17 14:14:34'),
('13','2','✅ Aktivitas Disetujui PPL','Aktivitas \'Pemupukan NPK\' pada lahan Anda telah disetujui oleh PPL. Terus pertahankan prestasi Anda!','info','0','2026-05-17 14:31:28'),
('14','2','🚨 Bencana Baru: Jagung 1','Lahan Jagung 1 kini berstatus DARURAT BENCANA. Pantau instruksi mitigasi dari PPL Anda segera.','danger','0','2026-05-17 16:01:16'),
('15','3','🚨 Bencana Baru: Jagung 1','Lahan Jagung 1 kini berstatus DARURAT BENCANA. Pantau instruksi mitigasi dari PPL Anda segera.','danger','0','2026-05-17 16:01:16'),
('16','2','🚨 Bencana Baru: Sawah Blok C','Lahan Sawah Blok C kini berstatus DARURAT BENCANA. Pantau instruksi mitigasi dari PPL Anda segera.','danger','0','2026-05-17 16:02:01'),
('17','3','🚨 Bencana Baru: Sawah Blok C','Lahan Sawah Blok C kini berstatus DARURAT BENCANA. Pantau instruksi mitigasi dari PPL Anda segera.','danger','0','2026-05-17 16:02:01'),
('18','2','✅ Bencana Selesai: Jagung 1','Lahan Jagung 1 telah kembali ke kondisi normal. Lanjutkan aktivitas pertanian dengan hati-hati.','','0','2026-05-17 16:02:09'),
('19','3','✅ Bencana Selesai: Jagung 1','Lahan Jagung 1 telah kembali ke kondisi normal. Lanjutkan aktivitas pertanian dengan hati-hati.','','0','2026-05-17 16:02:09'),
('20','2','🚨 Bencana Baru: Sawah Blok C','Lahan Sawah Blok C kini berstatus DARURAT BENCANA. Pantau instruksi mitigasi dari PPL Anda segera.','danger','0','2026-05-18 15:07:40'),
('21','3','🚨 Bencana Baru: Sawah Blok C','Lahan Sawah Blok C kini berstatus DARURAT BENCANA. Pantau instruksi mitigasi dari PPL Anda segera.','danger','0','2026-05-18 15:07:40'),
('22','2','🚨 Peringatan Darurat: Sawah Blok C','Terjadi bencana di lahan wilayah Anda. Cek pesan dari PPL Petugas PPL Rajabasa untuk instruksi mitigasi.','danger','0','2026-05-18 15:07:47'),
('23','3','🚨 Peringatan Darurat: Sawah Blok C','Terjadi bencana di lahan wilayah Anda. Cek pesan dari PPL Petugas PPL Rajabasa untuk instruksi mitigasi.','danger','0','2026-05-18 15:07:47'),
('24','1','🔔 Aktivitas Baru Menunggu Verifikasi','Budi Santoso melaporkan aktivitas \'Pemupukan NPK\' pada lahan Jagung 1. Segera lakukan verifikasi.','warning','1','2026-05-24 19:48:32'),
('25','2','✅ Bencana Selesai: Sawah Blok C','Lahan Sawah Blok C telah kembali ke kondisi normal. Lanjutkan aktivitas pertanian dengan hati-hati.','','0','2026-05-24 20:12:27'),
('26','3','✅ Bencana Selesai: Sawah Blok C','Lahan Sawah Blok C telah kembali ke kondisi normal. Lanjutkan aktivitas pertanian dengan hati-hati.','','0','2026-05-24 20:12:27'),
('27','2','🚨 Bencana Baru: Jagung 1','Lahan Jagung 1 kini berstatus DARURAT BENCANA. Pantau instruksi mitigasi dari PPL Anda segera.','danger','0','2026-05-24 20:17:04'),
('28','3','🚨 Bencana Baru: Jagung 1','Lahan Jagung 1 kini berstatus DARURAT BENCANA. Pantau instruksi mitigasi dari PPL Anda segera.','danger','0','2026-05-24 20:17:04'),
('29','2','🚨 Peringatan Darurat: Jagung 1','Terjadi bencana di lahan wilayah Anda. Cek pesan dari PPL Petugas PPL Rajabasa untuk instruksi mitigasi.','danger','0','2026-05-24 20:17:48'),
('30','3','🚨 Peringatan Darurat: Jagung 1','Terjadi bencana di lahan wilayah Anda. Cek pesan dari PPL Petugas PPL Rajabasa untuk instruksi mitigasi.','danger','0','2026-05-24 20:17:49'),
('31','2','✅ Bencana Selesai: Jagung 1','Lahan Jagung 1 telah kembali ke kondisi normal. Lanjutkan aktivitas pertanian dengan hati-hati.','','0','2026-05-24 20:19:39'),
('32','3','✅ Bencana Selesai: Jagung 1','Lahan Jagung 1 telah kembali ke kondisi normal. Lanjutkan aktivitas pertanian dengan hati-hati.','','0','2026-05-24 20:19:39'),
('33','4','🚨 Bencana Baru: Jagung 2','Lahan Jagung 2 kini berstatus DARURAT BENCANA. Pantau instruksi mitigasi dari PPL Anda segera.','danger','0','2026-05-24 20:25:30'),
('34','4','🚨 Peringatan Darurat: Jagung 2','Terjadi bencana di lahan wilayah Anda. Cek pesan dari PPL Petugas PPL Rajabasa untuk instruksi mitigasi.','danger','0','2026-05-24 20:35:10'),
('35','2','🌾 Waktu Panen: Sawah Blok A','Estimasi masa panen untuk lahan Sawah Blok A (Komoditas: padi) telah tiba. Silakan persiapkan jadwal panen dan periksa kondisi lapangan.','','0','2026-05-24 21:19:09'),
('36','1','🌾 Waktu Panen: Sawah Blok A','Lahan Sawah Blok A di kelompok Kelompok Tani Maju Jaya telah memasuki jadwal panen. Mohon berikan pendampingan kepada petani terkait.','info','1','2026-05-24 21:19:09'),
('38','1','🔔 Aktivitas Baru Menunggu Verifikasi','Budi Santoso melaporkan aktivitas \'Pemupukan NPK\' pada lahan Jagung 1. Segera lakukan verifikasi.','warning','1','2026-05-24 21:55:19'),
('39','2','🌾 Waktu Panen: Sawah Blok A','Estimasi masa panen untuk lahan Sawah Blok A (Komoditas: padi) telah tiba. Silakan persiapkan jadwal panen dan periksa kondisi lapangan.','','0','2026-06-02 14:45:56'),
('40','1','🌾 Waktu Panen: Sawah Blok A','Lahan Sawah Blok A di kelompok Kelompok Tani Maju Jaya telah memasuki jadwal panen. Mohon berikan pendampingan kepada petani terkait.','info','1','2026-06-02 14:45:56'),
('41','2','🌾 Waktu Panen: Sawah Blok A','Estimasi masa panen untuk lahan Sawah Blok A (Komoditas: padi) telah tiba. Silakan persiapkan jadwal panen dan periksa kondisi lapangan.','','0','2026-06-04 19:26:03'),
('42','1','🌾 Waktu Panen: Sawah Blok A','Lahan Sawah Blok A di kelompok Kelompok Tani Maju Jaya telah memasuki jadwal panen. Mohon berikan pendampingan kepada petani terkait.','info','1','2026-06-04 19:26:03'),
('43','22','Pesan Baru dari Susetiowati','halo','info','1','2026-06-05 00:37:56'),
('44','1','🔔 Aktivitas Baru Menunggu Verifikasi','Agus Santoso melaporkan aktivitas \'Pemupukan NPK\' pada lahan Ladang Harapan Jaya. Segera lakukan verifikasi.','warning','1','2026-06-05 00:48:54'),
('45','22','✅ Lokasi Sesuai (Dalam Lahan)','Aktivitas \'Pemupukan NPK\' berhasil dicatat karena lokasi Anda berada di DALAM area lahan. Menunggu verifikasi PPL.','','0','2026-06-05 00:48:54'),
('46','1','🔔 Aktivitas Baru Menunggu Verifikasi','Agus Santoso melaporkan aktivitas \'Pemupukan NPK\' pada lahan Ladang Harapan Jaya. Segera lakukan verifikasi.','warning','0','2026-06-05 00:51:22'),
('47','22','✅ Lokasi Sesuai (Dalam Lahan)','Aktivitas \'Pemupukan NPK\' berhasil dicatat karena lokasi Anda berada di DALAM area lahan. Menunggu verifikasi PPL.','','0','2026-06-05 00:51:22'),
('48','22','❌ Aktivitas Ditolak (Luar Lahan)','Upaya input aktivitas \'Pemupukan NPK\' pada Ladang Harapan Jaya ditolak otomatis oleh sistem karena lokasi Anda berada di LUAR jangkauan lahan (jarak: 7574.7 meter). Data tidak disimpan.','danger','0','2026-06-05 00:53:17'),
('49','18','[DARURAT] Peringatan Bencana: Sawah Maju Bersama - Blok D','Terjadi bencana di lahan wilayah Anda. Cek pesan dari PPL Susetiowati untuk instruksi mitigasi.','danger','0','2026-07-01 01:01:13'),
('50','1','[SIAGA] Siaran Darurat Terkirim','Peringatan bencana berhasil disiarkan ke 1 petani. Pantau respons mereka melalui menu Pesan.','warning','0','2026-07-01 01:01:13'),
('51','18','[DARURAT] Peringatan Bencana: Sawah Maju Bersama - Blok D','Terjadi bencana di lahan wilayah Anda. Cek pesan dari PPL Susetiowati untuk instruksi mitigasi.','danger','0','2026-07-03 13:47:14'),
('52','1','[SIAGA] Siaran Darurat Terkirim','Peringatan bencana berhasil disiarkan ke 1 petani. Pantau respons mereka melalui menu Pesan.','warning','0','2026-07-03 13:47:14'),
('53','1','🔔 Aktivitas Baru (Sinkronisasi Offline)','Suryanto menyinkronkan aktivitas \'Pemupukan NPK\' pada lahan Rajabasa Jaya dari mode offline. Segera verifikasi.','warning','0','2026-07-07 00:08:44'),
('54','17','❌ Aktivitas Ditolak (Luar Lahan)','Upaya input aktivitas \'Pemupukan NPK\' pada Rajabasa Jaya ditolak otomatis oleh sistem karena lokasi Anda berada di LUAR jangkauan lahan (jarak: 688798190.7 meter). Data tidak disimpan.','danger','0','2026-07-07 00:47:26'),
('55','1','[DARURAT] Bencana: Rajabasa Jaya','Lahan Rajabasa Jaya dilaporkan mengalami bencana. Cek pesan masuk Anda untuk instruksi mitigasi awal.','danger','0','2026-07-07 00:54:15'),
('56','17','[AMAN] Bencana Selesai: Rajabasa Jaya','Lahan Rajabasa Jaya telah kembali ke kondisi normal. Lanjutkan aktivitas pertanian dengan hati-hati.','','0','2026-07-07 00:59:26'),
('57','1','[DARURAT] Bencana: Rajabasa Jaya','Lahan Rajabasa Jaya dilaporkan mengalami bencana. Cek pesan masuk Anda untuk instruksi mitigasi awal.','danger','0','2026-07-07 01:02:15'),
('58','17','Laporan Darurat Terkirim','Laporan darurat untuk lahan Rajabasa Jaya berhasil disiarkan ke kelompok tani dan PPL.','','1','2026-07-07 01:02:15'),
('59','17','🌾 Waktu Panen: Ladang Mekar Jaya - Blok C','Estimasi masa panen untuk lahan Ladang Mekar Jaya - Blok C (Komoditas: jagung) telah tiba. Silakan persiapkan jadwal panen dan periksa kondisi lapangan.','','1','2026-07-09 20:58:42'),
('60','1','🌾 Waktu Panen: Ladang Mekar Jaya - Blok C','Lahan Ladang Mekar Jaya - Blok C di kelompok Poktan Mekar Jaya telah memasuki jadwal panen. Mohon berikan pendampingan kepada petani terkait.','info','0','2026-07-09 20:58:42'),
('61','17','✅ Aktivitas Disetujui PPL','Aktivitas \'Pemupukan NPK\' pada lahan Anda telah disetujui oleh PPL. Terus pertahankan prestasi Anda!','','1','2026-07-09 21:23:21'),
('62','17','❌ Aktivitas Ditolak (Luar Lahan)','Upaya input aktivitas \'Pemupukan NPK\' pada Rajabasa Jaya ditolak otomatis oleh sistem karena lokasi Anda berada di LUAR jangkauan lahan (jarak: 689468358 meter). Data tidak disimpan.','danger','0','2026-07-09 21:32:34'),
('63','17','❌ Aktivitas Ditolak (Luar Lahan)','Upaya input aktivitas \'Pemupukan NPK\' pada Rajabasa Jaya ditolak otomatis oleh sistem karena lokasi Anda berada di LUAR jangkauan lahan (jarak: 689.218,43 km). Data tidak disimpan.','danger','0','2026-07-09 21:36:20'),
('64','17','❌ Aktivitas Ditolak (Luar Lahan)','Upaya input aktivitas \'Pemupukan NPK\' pada Rajabasa Jaya ditolak otomatis oleh sistem karena lokasi Anda berada di LUAR jangkauan lahan (jarak: 6,19 km). Data tidak disimpan.','danger','0','2026-07-09 21:53:21'),
('65','1','🌾 Waktu Panen: Sawah Sumber Rejeki','Estimasi masa panen untuk lahan Sawah Sumber Rejeki (Komoditas: padi) telah tiba. Silakan persiapkan jadwal panen dan periksa kondisi lapangan.','','0','2026-07-11 14:19:09'),
('66','1','🌾 Waktu Panen: Ladang Tani Mandiri I','Estimasi masa panen untuk lahan Ladang Tani Mandiri I (Komoditas: jagung) telah tiba. Silakan persiapkan jadwal panen dan periksa kondisi lapangan.','','0','2026-07-11 14:19:09'),
('67','1','🌾 Waktu Panen: Sawah Maju Bersama','Estimasi masa panen untuk lahan Sawah Maju Bersama (Komoditas: padi) telah tiba. Silakan persiapkan jadwal panen dan periksa kondisi lapangan.','','0','2026-07-11 14:19:09'),
('68','29','✅ Aktivitas Disetujui PPL','Aktivitas \'pemeliharaan\' pada lahan Anda telah disetujui oleh PPL. Terus pertahankan prestasi Anda!','','0','2026-07-11 14:42:19'),
('69','1','🌾 Waktu Panen: Sawah Tunas Harapan','Estimasi masa panen untuk lahan Sawah Tunas Harapan (Komoditas: padi) telah tiba. Silakan persiapkan jadwal panen dan periksa kondisi lapangan.','','0','2026-07-11 14:52:09'),
('70','1','🌾 Waktu Panen: Sawah Karya Tani','Estimasi masa panen untuk lahan Sawah Karya Tani (Komoditas: padi) telah tiba. Silakan persiapkan jadwal panen dan periksa kondisi lapangan.','','0','2026-07-11 14:52:09'),
('71','1','🌾 Waktu Panen: Sawah Sido Makmur','Estimasi masa panen untuk lahan Sawah Sido Makmur (Komoditas: padi) telah tiba. Silakan persiapkan jadwal panen dan periksa kondisi lapangan.','','0','2026-07-11 14:52:09'),
('72','1','🌾 Waktu Panen: Sawah Harapan Jaya','Estimasi masa panen untuk lahan Sawah Harapan Jaya (Komoditas: padi) telah tiba. Silakan persiapkan jadwal panen dan periksa kondisi lapangan.','','0','2026-07-11 14:52:09'),
('73','1','🌾 Waktu Panen: Sawah Jaya Bersama','Estimasi masa panen untuk lahan Sawah Jaya Bersama (Komoditas: padi) telah tiba. Silakan persiapkan jadwal panen dan periksa kondisi lapangan.','','0','2026-07-11 14:52:09'),
('74','1','🌾 Waktu Panen: Sawah Sukamaju I','Estimasi masa panen untuk lahan Sawah Sukamaju I (Komoditas: padi) telah tiba. Silakan persiapkan jadwal panen dan periksa kondisi lapangan.','','0','2026-07-11 14:52:09'),
('75','28','[DARURAT] Bencana: Sawah Sukarame 1','Lahan Sawah Sukarame 1 dilaporkan mengalami bencana. Cek pesan masuk Anda untuk instruksi mitigasi awal.','danger','0','2026-07-11 14:54:50'),
('76','29','[DARURAT] Bencana: Sawah Sukarame 1','Lahan Sawah Sukarame 1 dilaporkan mengalami bencana. Cek pesan masuk Anda untuk instruksi mitigasi awal.','danger','0','2026-07-11 14:54:50'),
('77','1','Laporan Darurat Terkirim','Laporan darurat untuk lahan Sawah Sukarame 1 berhasil disiarkan ke kelompok tani dan PPL.','','0','2026-07-11 14:54:50'),
('78','28','[DARURAT] Peringatan Bencana: Sawah Sukarame 1','Terjadi bencana di lahan wilayah Anda. Cek pesan dari PPL Susetiowati untuk instruksi mitigasi.','danger','0','2026-07-11 14:55:05'),
('79','29','[DARURAT] Peringatan Bencana: Sawah Sukarame 1','Terjadi bencana di lahan wilayah Anda. Cek pesan dari PPL Susetiowati untuk instruksi mitigasi.','danger','0','2026-07-11 14:55:05'),
('80','1','[SIAGA] Siaran Darurat Terkirim','Peringatan bencana berhasil disiarkan ke 2 petani. Pantau respons mereka melalui menu Pesan.','warning','0','2026-07-11 14:55:05');

SET FOREIGN_KEY_CHECKS = 1;
